2.3.1,2.3.1.2,(L1) Ensure Accounts: Block Microsoft accounts is set to Users cant add or log on with Microsoft accounts, HKEY_LOCAL_MACHINE\SOFTWARE\Microsoft\Windows\CurrentVersion\Policies\System,NoConnectedUser ,,
2.3.1,2.3.1.4,(L1) Ensure Accounts: Limit local account use of blank passwords to console logon only is set to Enabled, HKEY_LOCAL_MACHINE\SYSTEM\CurrentControlSet\Control\Lsa,LimitBlankPasswordUse ,,
2.3.2,2.3.2.1,(L1) Ensure Audit: Force audit policy subcategory settings (Windows Vista or later) to override audit policy category settings is set to Enabled, HKEY_LOCAL_MACHINE\SYSTEM\CurrentControlSet\Control\Lsa,SCENoApplyLegacyAuditPolicy ,,
2.3.2,2.3.2.2,(L1) Ensure Audit: Shut down system immediately if unable to log security audits is set to Disabled, HKEY_LOCAL_MACHINE\SYSTEM\CurrentControlSet\Control\Lsa,CrashOnAuditFail ,,
2.3.4,2.3.4.1,(L1) Ensure Devices: Allowed to format and eject removable media is set to Administrators, HKEY_LOCAL_MACHINE\SOFTWARE\Microsoft\Windows NT\CurrentVersion\Winlogon,AllocateDASD ,,
2.3.4,2.3.4.2,(L1) Ensure Devices: Prevent users from installing printer drivers is set to Enabled, HKEY_LOCAL_MACHINE\SYSTEM\CurrentControlSet\Control\Print\Providers\LanMan Print Services\Servers,AddPrinterDrivers ,,
2.3.6,2.3.6.1,(L1) Ensure Domain member: Digitally encrypt or sign secure channel data (always) is set to Enabled, HKEY_LOCAL_MACHINE\SYSTEM\CurrentControlSet\Services\Netlogon\Parameters,RequireSignOrSeal ,,
2.3.6,2.3.6.2,(L1) Ensure Domain member: Digitally encrypt secure channel data (when possible) is set to Enabled, HKEY_LOCAL_MACHINE\SYSTEM\CurrentControlSet\Services\Netlogon\Parameters,SealSecureChannel ,,
2.3.6,2.3.6.3,(L1) Ensure Domain member: Digitally sign secure channel data (when possible) is set to Enabled, HKEY_LOCAL_MACHINE\SYSTEM\CurrentControlSet\Services\Netlogon\Parameters,SignSecureChannel ,,
2.3.6,2.3.6.4,(L1) Ensure Domain member: Disable machine account password changes is set to Disabled, HKEY_LOCAL_MACHINE\SYSTEM\CurrentControlSet\Services\Netlogon\Parameters,DisablePasswordChange ,,
2.3.6,2.3.6.6,(L1) Ensure Domain member: Require strong (Windows 2000 or later) session key is set to Enabled, HKEY_LOCAL_MACHINE\SYSTEM\CurrentControlSet\Services\Netlogon\Parameters,RequireStrongKey ,,
2.3.7,2.3.7.1,(L1) Ensure Interactive logon: Do not display last user name is set to Enabled, HKEY_LOCAL_MACHINE\SOFTWARE\Microsoft\Windows\CurrentVersion\Policies\System,DontDisplayLastUserName ,,
2.3.7,2.3.7.2,(L1) Ensure Interactive logon: Do not require CTRL+ALT+DEL is set to Disabled, HKEY_LOCAL_MACHINE\SOFTWARE\Microsoft\Windows\CurrentVersion\Policies\System,DisableCAD ,,
2.3.7,2.3.7.3,(L1) Ensure Interactive logon: Machine inactivity limit is set to 900 or fewer second(s), but not 0, HKEY_LOCAL_MACHINE\SOFTWARE\Microsoft\Windows\CurrentVersion\Policies\System,InactivityTimeoutSecs ,,
2.3.7,2.3.7.4,(L1) Configure Interactive logon: Message text for users attempting to log on, HKEY_LOCAL_MACHINE\SOFTWARE\Microsoft\Windows\CurrentVersion\Policies\System,LegalNoticeText ,,
2.3.7,2.3.7.5,(L1) Configure Interactive logon: Message title for users attempting to log on, HKEY_LOCAL_MACHINE\SOFTWARE\Microsoft\Windows\CurrentVersion\Policies\System,LegalNoticeCaption ,,
2.3.7,2.3.7.7,(L1) Ensure Interactive logon: Prompt user to change password before expiration is set to between 5 and 14 days, HKEY_LOCAL_MACHINE\SOFTWARE\Microsoft\Windows NT\CurrentVersion\Winlogon,PasswordExpiryWarning ,,
2.3.7,2.3.7.8,(L1) Ensure Interactive logon: Require Domain Controller Authentication to unlock workstation is set to Enabled (MS only), HKEY_LOCAL_MACHINE\SOFTWARE\Microsoft\Windows NT\CurrentVersion\Winlogon,ForceUnlockLogon ,,
2.3.7,2.3.7.9,(L1) Ensure Interactive logon: Smart card removal behavior is set to Lock Workstation or higher, HKEY_LOCAL_MACHINE\SOFTWARE\Microsoft\Windows NT\CurrentVersion\Winlogon,ScRemoveOption ,,
2.3.8,2.3.8.1,(L1) Ensure Microsoft network client: Digitally sign communications (always) is set to Enabled, HKEY_LOCAL_MACHINE\SYSTEM\CurrentControlSet\Services\LanmanWorkstation\Parameters,RequireSecuritySignature ,,
2.3.8,2.3.8.2,(L1) Ensure Microsoft network client: Digitally sign communications (if server agrees) is set to Enabled, HKEY_LOCAL_MACHINE\SYSTEM\CurrentControlSet\Services\LanmanWorkstation\Parameters,EnableSecuritySignature ,,
2.3.8,2.3.8.3,(L1) Ensure Microsoft network client: Send unencrypted password to third-party SMB servers is set to Disabled, HKEY_LOCAL_MACHINE\SYSTEM\CurrentControlSet\Services\LanmanWorkstation\Parameters,EnablePlainTextPassword ,,
2.3.9,2.3.9.1,(L1) Ensure Microsoft network server: Amount of idle time required before suspending session is set to 15 or fewer minute(s), but not 0, HKEY_LOCAL_MACHINE\SYSTEM\CurrentControlSet\Services\LanManServer\Parameters,AutoDisconnect ,,
2.3.9,2.3.9.2,(L1) Ensure Microsoft network server: Digitally sign communications (always) is set to Enabled, HKEY_LOCAL_MACHINE\SYSTEM\CurrentControlSet\Services\LanManServer\Parameters,RequireSecuritySignature ,,
2.3.9,2.3.9.3,(L1) Ensure Microsoft network server: Digitally sign communications (if client agrees) is set to Enabled, HKEY_LOCAL_MACHINE\SYSTEM\CurrentControlSet\Services\LanManServer\Parameters,EnableSecuritySignature ,,
2.3.9,2.3.9.4,(L1) Ensure Microsoft network server: Disconnect clients when logon hours expire is set to Enabled, HKEY_LOCAL_MACHINE\SYSTEM\CurrentControlSet\Services\LanManServer\Parameters,EnableForcedLogoff ,,
2.3.9,2.3.9.5,(L1) Ensure Microsoft network server: Server SPN target name validation level is set to Accept if provided by client or higher (MS only), HKEY_LOCAL_MACHINE\SYSTEM\CurrentControlSet\Services\LanManServer\Parameters,SMBServerNameHardeningLevel ,,
2.3.10,2.3.10.2,(L1) Ensure Network access: Do not allow anonymous enumeration of SAM accounts is set to Enabled (MS only), HKEY_LOCAL_MACHINE\SYSTEM\CurrentControlSet\Control\Lsa,RestrictAnonymousSAM ,,
2.3.10,2.3.10.3,(L1) Ensure Network access: Do not allow anonymous enumeration of SAM accounts and shares is set to Enabled (MS only), HKEY_LOCAL_MACHINE\SYSTEM\CurrentControlSet\Control\Lsa,RestrictAnonymous ,,
2.3.10,2.3.10.5,(L1) Ensure Network access: Let Everyone permissions apply to anonymous users is set to Disabled, HKEY_LOCAL_MACHINE\SYSTEM\CurrentControlSet\Control\Lsa,EveryoneIncludesAnonymous ,,
2.3.10,2.3.10.6,(L1) Configure Network access: Named Pipes that can be accessed anonymously, HKEY_LOCAL_MACHINE\SYSTEM\CurrentControlSet\Services\LanManServer\Parameters,NullSessionPipes ,,
2.3.10,2.3.10.7,(L1) Configure Network access: Remotely accessible registry paths, HKEY_LOCAL_MACHINE\SYSTEM\CurrentControlSet\Control\SecurePipeServers\Winreg\AllowedExactPaths,Machine ,,
2.3.10,2.3.10.8,(L1) Configure Network access: Remotely accessible registry paths and sub-paths, HKEY_LOCAL_MACHINE\SYSTEM\CurrentControlSet\Control\SecurePipeServers\Winreg\AllowedPaths,Machine ,,
2.3.10,2.3.10.9,(L1) Ensure Network access: Restrict anonymous access to Named Pipes and Shares is set to Enabled, HKEY_LOCAL_MACHINE\SYSTEM\CurrentControlSet\Services\LanManServer\Parameters,RestrictNullSessAccess ,,
2.3.10,2.3.10.11,(L1) Ensure Network access: Shares that can be accessed anonymously is set to None, HKEY_LOCAL_MACHINE\SYSTEM\CurrentControlSet\Services\LanManServer\Parameters,NullSessionShares ,,
2.3.10,2.3.10.12,(L1) Ensure Network access: Sharing and security model for local accounts is set to Classic - local users authenticate as themselves, HKEY_LOCAL_MACHINE\SYSTEM\CurrentControlSet\Control\Lsa,ForceGuest ,,
2.3.10,2.3.10.10,(L1) Ensure Network access: Restrict clients allowed to make remote calls to SAM is set to Administrators: Remote Access: Allow (MS only), HKEY_LOCAL_MACHINE\SYSTEM\CurrentControlSet\Control\Lsa,restrictremotesam ,,
2.3.11,2.3.11.1,(L1) Ensure Network security: Allow Local System to use computer identity for NTLM is set to Enabled, HKEY_LOCAL_MACHINE\SYSTEM\CurrentControlSet\Control\Lsa,UseMachineId ,,
2.3.11,2.3.11.2,(L1) Ensure Network security: Allow LocalSystem NULL session fallback is set to Disabled, HKEY_LOCAL_MACHINE\SYSTEM\CurrentControlSet\Control\Lsa\MSV1_0,AllowNullSessionFallback ,,
2.3.11,2.3.11.3,(L1) Ensure Network Security: Allow PKU2U authentication requests to this computer to use online identities is set to Disabled, HKEY_LOCAL_MACHINE\SYSTEM\CurrentControlSet\Control\Lsa\pku2u,AllowOnlineID ,,
2.3.11,2.3.11.4,(L1) Ensure Network security: Configure encryption types allowed for Kerberos is set to RC4_HMAC_MD5, AES128_HMAC_SHA1, AES256_HMAC_SHA1, Future encryption types, HKEY_LOCAL_MACHINE\SOFTWARE\Microsoft\Windows\CurrentVersion\Policies\System\Kerberos\Parameters,SupportedEncryptionTypes ,,
2.3.11,2.3.11.5,(L1) Ensure Network security: Do not store LAN Manager hash value on next password change is set to Enabled, HKEY_LOCAL_MACHINE\SYSTEM\CurrentControlSet\Control\Lsa,NoLMHash ,,
2.3.11,2.3.11.6,(L1) Ensure Network security: Force logoff when logon hours expire is set to Enabled, HKEY_LOCAL_MACHINE\SYSTEM\CurrentControlSet\Services\LanManServer\Parameters,EnableForcedLogOff ,,
2.3.11,2.3.11.7,(L1) Ensure Network security: LAN Manager authentication level is set to Send NTLMv2 response only. Refuse LM & NTLM, HKEY_LOCAL_MACHINE\SYSTEM\CurrentControlSet\Control\Lsa,LmCompatibilityLevel ,,
2.3.11,2.3.11.8,(L1) Ensure Network security: LDAP client signing requirements is set to Negotiate signing or higher, HKEY_LOCAL_MACHINE\SYSTEM\CurrentControlSet\Services\LDAP,LDAPClientIntegrity ,,
2.3.11,2.3.11.9,(L1) Ensure Network security: Minimum session security for NTLM SSP based (including secure RPC) clients is set to Require NTLMv2 session security, Require 128-bit encryption, HKEY_LOCAL_MACHINE\SYSTEM\CurrentControlSet\Control\Lsa\MSV1_0,NTLMMinClientSec ,,
2.3.11,2.3.11.10,(L1) Ensure Network security: Minimum session security for NTLM SSP based (including secure RPC) servers is set to Require NTLMv2 session security, Require 128-bit encryption, HKEY_LOCAL_MACHINE\SYSTEM\CurrentControlSet\Control\Lsa\MSV1_0,NTLMMinServerSec ,,
2.3.13,2.3.13.1,(L1) Ensure Shutdown: Allow system to be shut down without having to log on is set to Disabled, HKEY_LOCAL_MACHINE\SOFTWARE\Microsoft\Windows\CurrentVersion\Policies\System,ShutdownWithoutLogon ,,
2.3.15,2.3.15.1,(L1) Ensure System objects: Require case insensitivity for non-Windows subsystems is set to Enabled, HKEY_LOCAL_MACHINE\SYSTEM\CurrentControlSet\Control\Session Manager\Kernel,ObCaseInsensitive ,,
2.3.15,2.3.15.2,(L1) Ensure System objects: Strengthen default permissions of internal system objects (e.g. Symbolic Links) is set to Enabled, HKEY_LOCAL_MACHINE\SYSTEM\CurrentControlSet\Control\Session Manager,ProtectionMode ,,
2.3.17,2.3.17.1,(L1) Ensure User Account Control: Admin Approval Mode for the Built-in Administrator account is set to Enabled, HKEY_LOCAL_MACHINE\SOFTWARE\Microsoft\Windows\CurrentVersion\Policies\System,FilterAdministratorToken ,,
2.3.17,2.3.17.2,(L1) Ensure User Account Control: Allow UIAccess applications to prompt for elevation without using the secure desktop is set to Disabled, HKEY_LOCAL_MACHINE\SOFTWARE\Microsoft\Windows\CurrentVersion\Policies\System,EnableUIADesktopToggle ,,
2.3.17,2.3.17.3,(L1) Ensure User Account Control: Behavior of the elevation prompt for administrators in Admin Approval Mode is set to Prompt for consent on the secure desktop, HKEY_LOCAL_MACHINE\SOFTWARE\Microsoft\Windows\CurrentVersion\Policies\System,ConsentPromptBehaviorAdmin ,,
2.3.17,2.3.17.4,(L1) Ensure User Account Control: Behavior of the elevation prompt for standard users is set to Automatically deny elevation requests, HKEY_LOCAL_MACHINE\SOFTWARE\Microsoft\Windows\CurrentVersion\Policies\System,ConsentPromptBehaviorUser ,,
2.3.17,2.3.17.5,(L1) Ensure User Account Control: Detect application installations and prompt for elevation is set to Enabled, HKEY_LOCAL_MACHINE\SOFTWARE\Microsoft\Windows\CurrentVersion\Policies\System,EnableInstallerDetection ,,
2.3.17,2.3.17.6,(L1) Ensure User Account Control: Only elevate UIAccess applications that are installed in secure locations is set to Enabled, HKEY_LOCAL_MACHINE\SOFTWARE\Microsoft\Windows\CurrentVersion\Policies\System,EnableSecureUIAPaths ,,
2.3.17,2.3.17.7,(L1) Ensure User Account Control: Run all administrators in Admin Approval Mode is set to Enabled, HKEY_LOCAL_MACHINE\SOFTWARE\Microsoft\Windows\CurrentVersion\Policies\System,EnableLUA ,,
2.3.17,2.3.17.8,(L1) Ensure User Account Control: Switch to the secure desktop when prompting for elevation is set to Enabled, HKEY_LOCAL_MACHINE\SOFTWARE\Microsoft\Windows\CurrentVersion\Policies\System,PromptOnSecureDesktop ,,
2.3.17,2.3.17.9,(L1) Ensure User Account Control: Virtualize file and registry write failures to per-user locations is set to Enabled, HKEY_LOCAL_MACHINE\SOFTWARE\Microsoft\Windows\CurrentVersion\Policies\System,EnableVirtualization ,,
9.1,9.1.1,(L1) Ensure Windows Firewall: Domain: Firewall state is set to On (recommended), HKEY_LOCAL_MACHINE\SOFTWARE\Policies\Microsoft\WindowsFirewall\DomainProfile\EnableFirewall ,,,
9.1,9.1.2,(L1) Ensure Windows Firewall: Domain: Inbound connections is set to Block (default), HKEY_LOCAL_MACHINE\SOFTWARE\Policies\Microsoft\WindowsFirewall\DomainProfile\DefaultInboundAction ,,,
9.1,9.1.3,(L1) Ensure Windows Firewall: Domain: Outbound connections is set to Allow (default), HKEY_LOCAL_MACHINE\SOFTWARE\Policies\Microsoft\WindowsFirewall\DomainProfile\DefaultOutboundAction ,,,
9.1,9.1.4,(L1) Ensure Windows Firewall: Domain: Settings: Display a notification is set to No, HKEY_LOCAL_MACHINE\SOFTWARE\Policies\Microsoft\WindowsFirewall\DomainProfile\DisableNotifications ,,,
9.1,9.1.5,(L1) Ensure Windows Firewall: Domain: Settings: Apply local firewall rules is set to Yes (default), HKEY_LOCAL_MACHINE\SOFTWARE\Policies\Microsoft\WindowsFirewall\DomainProfile\AllowLocalPolicyMerge ,,,
9.1,9.1.6,(L1) Ensure Windows Firewall: Domain: Settings: Apply local connection security rules is set to Yes (default), HKEY_LOCAL_MACHINE\SOFTWARE\Policies\Microsoft\WindowsFirewall\DomainProfile\AllowLocalIPsecPolicyMerge ,,,
9.1,9.1.7,(L1) Ensure Windows Firewall: Domain: Logging: Name is set to %SYSTEMROOT%\System32\logfiles\firewall\domainfw.log, HKEY_LOCAL_MACHINE\SOFTWARE\Policies\Microsoft\WindowsFirewall\DomainProfile\Logging\LogFilePath ,,,
9.1,9.1.8,(L1) Ensure Windows Firewall: Domain: Logging: Size limit (KB) is set to 16,384 KB or greater, HKEY_LOCAL_MACHINE\SOFTWARE\Policies\Microsoft\WindowsFirewall\DomainProfile\Logging\LogFileSize ,,,
9.1,9.1.9,(L1) Ensure Windows Firewall: Domain: Logging: Log dropped packets is set to Yes, HKEY_LOCAL_MACHINE\SOFTWARE\Policies\Microsoft\WindowsFirewall\DomainProfile\Logging\LogDroppedPackets ,,,
9.1,9.1.10,(L1) Ensure Windows Firewall: Domain: Logging: Log successful connections is set to Yes, HKEY_LOCAL_MACHINE\SOFTWARE\Policies\Microsoft\WindowsFirewall\DomainProfile\Logging\LogSuccessfulConnections ,,,
9.2,9.2.1,(L1) Ensure Windows Firewall: Private: Firewall state is set to On (recommended), HKEY_LOCAL_MACHINE\SOFTWARE\Policies\Microsoft\WindowsFirewall\PrivateProfile,EnableFirewall ,,
9.2,9.2.2,(L1) Ensure Windows Firewall: Private: Inbound connections is set to Block (default), HKEY_LOCAL_MACHINE\SOFTWARE\Policies\Microsoft\WindowsFirewall\PrivateProfile,DefaultInboundAction ,,
9.2,9.2.3,(L1) Ensure Windows Firewall: Private: Outbound connections is set to Allow (default), HKEY_LOCAL_MACHINE\SOFTWARE\Policies\Microsoft\WindowsFirewall\PrivateProfile,DefaultOutboundAction ,,
9.2,9.2.4,(L1) Ensure Windows Firewall: Private: Settings: Display a notification is set to No, HKEY_LOCAL_MACHINE\SOFTWARE\Policies\Microsoft\WindowsFirewall\PrivateProfile,DisableNotifications ,,
9.2,9.2.5,(L1) Ensure Windows Firewall: Private: Settings: Apply local firewall rules is set to Yes (default), HKEY_LOCAL_MACHINE\SOFTWARE\Policies\Microsoft\WindowsFirewall\PrivateProfile,AllowLocalPolicyMerge ,,
9.2,9.2.6,(L1) Ensure Windows Firewall: Private: Settings: Apply local connection security rules is set to Yes (default), HKEY_LOCAL_MACHINE\SOFTWARE\Policies\Microsoft\WindowsFirewall\PrivateProfile,AllowLocalIPsecPolicyMerge ,,
9.2,9.2.7,(L1) Ensure Windows Firewall: Private: Logging: Name is set to %SYSTEMROOT%\System32\logfiles\firewall\privatefw.log, HKEY_LOCAL_MACHINE\SOFTWARE\Policies\Microsoft\WindowsFirewall\PrivateProfile\Logging,LogFilePath ,,
9.2,9.2.8,(L1) Ensure Windows Firewall: Private: Logging: Size limit (KB) is set to 16,384 KB or greater, HKEY_LOCAL_MACHINE\SOFTWARE\Policies\Microsoft\WindowsFirewall\PrivateProfile\Logging,LogFileSize ,,
9.2,9.2.9,(L1) Ensure Windows Firewall: Private: Logging: Log dropped packets is set to Yes, HKEY_LOCAL_MACHINE\SOFTWARE\Policies\Microsoft\WindowsFirewall\PrivateProfile\Logging,LogDroppedPackets ,,
9.2,9.2.10,(L1) Ensure Windows Firewall: Private: Logging: Log successful connections is set to Yes, HKEY_LOCAL_MACHINE\SOFTWARE\Policies\Microsoft\WindowsFirewall\PrivateProfile\Logging,LogSuccessfulConnections ,,
9.3,9.3.1,(L1) Ensure Windows Firewall: Public: Firewall state is set to On (recommended), HKEY_LOCAL_MACHINE\SOFTWARE\Policies\Microsoft\WindowsFirewall\PublicProfile,EnableFirewall ,,
9.3,9.3.2,(L1) Ensure Windows Firewall: Public: Inbound connections is set to Block (default), HKEY_LOCAL_MACHINE\SOFTWARE\Policies\Microsoft\WindowsFirewall\PublicProfile,DefaultInboundAction ,,
9.3,9.3.3,(L1) Ensure Windows Firewall: Public: Outbound connections is set to Allow (default), HKEY_LOCAL_MACHINE\SOFTWARE\Policies\Microsoft\WindowsFirewall\PublicProfile,DefaultOutboundAction ,,
9.3,9.3.4,(L1) Ensure Windows Firewall: Public: Settings: Display a notification is set to Yes, HKEY_LOCAL_MACHINE\SOFTWARE\Policies\Microsoft\WindowsFirewall\PublicProfile,DisableNotifications ,,
9.3,9.3.5,(L1) Ensure Windows Firewall: Public: Settings: Apply local firewall rules is set to No, HKEY_LOCAL_MACHINE\SOFTWARE\Policies\Microsoft\WindowsFirewall\PublicProfile,AllowLocalPolicyMerge ,,
9.3,9.3.6,(L1) Ensure Windows Firewall: Public: Settings: Apply local connection security rules is set to No, HKEY_LOCAL_MACHINE\SOFTWARE\Policies\Microsoft\WindowsFirewall\PublicProfile,AllowLocalIPsecPolicyMerge ,,
9.3,9.3.7,(L1) Ensure Windows Firewall: Public: Logging: Name is set to %SYSTEMROOT%\System32\logfiles\firewall\publicfw.log, HKEY_LOCAL_MACHINE\SOFTWARE\Policies\Microsoft\WindowsFirewall\PublicProfile\Logging,LogFilePath ,,
9.3,9.3.8,(L1) Ensure Windows Firewall: Public: Logging: Size limit (KB) is set to 16,384 KB or greater, HKEY_LOCAL_MACHINE\SOFTWARE\Policies\Microsoft\WindowsFirewall\PublicProfile\Logging,LogFileSize ,,
9.3,9.3.9,(L1) Ensure Windows Firewall: Public: Logging: Log dropped packets is set to Yes, HKEY_LOCAL_MACHINE\SOFTWARE\Policies\Microsoft\WindowsFirewall\PublicProfile\Logging,LogDroppedPackets ,,
9.3,9.3.10,(L1) Ensure Windows Firewall: Public: Logging: Log successful connections is set to Yes, HKEY_LOCAL_MACHINE\SOFTWARE\Policies\Microsoft\WindowsFirewall\PublicProfile\Logging,LogSuccessfulConnections ,,
18.1.1,18.1.1.1,(L1) Ensure Prevent enabling lock screen camera is set to Enabled, HKEY_LOCAL_MACHINE\SOFTWARE\Policies\Microsoft\Windows\Personalization,NoLockScreenCamera ,,
18.1.1,18.1.1.2,(L1) Ensure Prevent enabling lock screen slide show is set to Enabled, HKEY_LOCAL_MACHINE\SOFTWARE\Policies\Microsoft\Windows\Personalization,NoLockScreenSlideshow ,,
18.1.2,18.1.2.1,(L1) Ensure Allow Input Personalization is set to Disabled, HKEY_LOCAL_MACHINE\SOFTWARE\Policies\Microsoft\InputPersonalization,AllowInputPersonalization ,,
18.2,18.2.1,(L1) Ensure LAPS AdmPwd GPO Extension / CSE is installed (MS only), HKEY_LOCAL_MACHINE\SOFTWARE\Microsoft\Windows NT\CurrentVersion\Winlogon\GPExtensions\{D76B9641-3288-4f75-942D-087DE603E3EA},DllName ,,
18.2,18.2.2,(L1) Ensure Do not allow password expiration time longer than required by policy is set to Enabled (MS only), HKEY_LOCAL_MACHINE\SOFTWARE\Policies\Microsoft Services\AdmPwd,PwdExpirationProtectionEnabled ,,
18.2,18.2.3,(L1) Ensure Enable Local Admin Password Management is set to Enabled (MS only), HKEY_LOCAL_MACHINE\SOFTWARE\Policies\Microsoft Services\AdmPwd,AdmPwdEnabled ,,
18.2,18.2.4,(L1) Ensure Password Settings: Password Complexity is set to Enabled: Large letters + small letters + numbers + special characters (MS only), HKEY_LOCAL_MACHINE\SOFTWARE\Policies\Microsoft Services\AdmPwd,PasswordComplexity ,,
18.2,18.2.5,(L1) Ensure Password Settings: Password Length is set to Enabled: 15 or more (MS only), HKEY_LOCAL_MACHINE\SOFTWARE\Policies\Microsoft Services\AdmPwd,PasswordLength ,,
18.2,18.2.6,(L1) Ensure Password Settings: Password Age (Days) is set to Enabled: 30 or fewer (MS only), HKEY_LOCAL_MACHINE\SOFTWARE\Policies\Microsoft Services\AdmPwd,PasswordAgeDays ,,
18.3,18.3.1,(L1) Ensure MSS: (AutoAdminLogon) Enable Automatic Logon (not recommended) is set to Disabled, HKEY_LOCAL_MACHINE\SOFTWARE\Microsoft\Windows NT\CurrentVersion\Winlogon,AutoAdminLogon ,,
18.3,18.3.2,(L1) Ensure MSS: (DisableIPSourceRouting IPv6) IP source routing protection level (protects against packet spoofing) is set to Enabled: Highest protection, source routing is completely disabled, HKEY_LOCAL_MACHINE\SYSTEM\CurrentControlSet\Services\Tcpip6\Parameters,DisableIPSourceRouting ,,
18.3,18.3.3,(L1) Ensure MSS: (DisableIPSourceRouting) IP source routing protection level (protects against packet spoofing) is set to Enabled: Highest protection, source routing is completely disabled, HKEY_LOCAL_MACHINE\SYSTEM\CurrentControlSet\Services\Tcpip\Parameters,DisableIPSourceRouting ,,
18.3,18.3.4,(L1) Ensure MSS: (EnableICMPRedirect) Allow ICMP redirects to override OSPF generated routes is set to Disabled, HKEY_LOCAL_MACHINE\SYSTEM\CurrentControlSet\Services\Tcpip\Parameters,EnableICMPRedirect ,,
18.3,18.3.6,(L1) Ensure MSS: (NoNameReleaseOnDemand) Allow the computer to ignore NetBIOS name release requests except from WINS servers is set to Enabled, HKEY_LOCAL_MACHINE\SYSTEM\CurrentControlSet\Services\NetBT\Parameters,NoNameReleaseOnDemand ,,
18.3,18.3.8,(L1) Ensure MSS: (SafeDllSearchMode) Enable Safe DLL search mode (recommended) is set to Enabled, HKEY_LOCAL_MACHINE\SYSTEM\CurrentControlSet\Control\Session Manager,SafeDllSearchMode ,,
18.3,18.3.9,(L1) Ensure MSS: (ScreenSaverGracePeriod) The time in seconds before the screen saver grace period expires (0 recommended) is set to Enabled: 5 or fewer seconds, HKEY_LOCAL_MACHINE\SOFTWARE\Microsoft\Windows NT\CurrentVersion\Winlogon,ScreenSaverGracePeriod ,,
18.3,18.3.12,(L1) Ensure MSS: (WarningLevel) Percentage threshold for the security event log at which the system will generate a warning is set to Enabled: 90% or less, HKEY_LOCAL_MACHINE\SYSTEM\CurrentControlSet\Services\Eventlog\Security,WarningLevel ,,
18.4.4,18.4.4.2,(L1) Ensure Turn off multicast name resolution is set to Enabled (MS Only), HKEY_LOCAL_MACHINE\SOFTWARE\Policies\Microsoft\Windows NT\DNSClient,EnableMulticast ,,
18.4.4,18.4.4.1,(L1) Set NetBIOS node type to P-node (Ensure NetBT Parameter NodeType is set to 0x2 (2)) (MS Only),,,,
18.4.8,18.4.8.1,(L1) Ensure Enable insecure guest logons is set to Disabled, HKEY_LOCAL_MACHINE\SOFTWARE\Policies\Microsoft\Windows\LanmanWorkstation,AllowInsecureGuestAuth ,,
18.4.11,18.4.11.2,(L1) Ensure Prohibit installation and configuration of Network Bridge on your DNS domain network is set to Enabled, HKEY_LOCAL_MACHINE\SOFTWARE\Policies\Microsoft\Windows\Network Connections,NC_AllowNetBridge_NLA ,,
18.4.11,18.4.11.4,(L1) Ensure Require domain users to elevate when setting a networks location is set to Enabled, HKEY_LOCAL_MACHINE\SOFTWARE\Policies\Microsoft\Windows\Network Connections,NC_StdDomainUserSetLocation ,,
18.4.11,18.4.11.3,(L1) Ensure Prohibit use of Internet Connection Sharing on your DNS domain network is set to Enabled, HKEY_LOCAL_MACHINE\SOFTWARE\Policies\Microsoft\Windows\Network Connections,NC_ShowSharedAccessUI ,,
18.4.14,18.4.14.1,(L1) Ensure Hardened UNC Paths is set to Enabled, with Require Mutual Authentication and Require Integrity set for all NETLOGON and SYSVOL shares, HKEY_LOCAL_MACHINE\SOFTWARE\Policies\Microsoft\Windows\NetworkProvider\HardenedPaths,\\*\NETLOGON HKEY_LOCAL_MACHINE\SOFTWARE\Policies\Microsoft\Windows\NetworkProvider\HardenedPaths,\\*\SYSVOL ,
18.4.21,18.4.21.1,(L1) Ensure Minimize the number of simultaneous connections to the Internet or a Windows Domain is set to Enabled, HKEY_LOCAL_MACHINE\SOFTWARE\Policies\Microsoft\Windows\WcmSvc\GroupPolicy,fMinimizeConnections ,,
18.6,18.6.1,(L1) Ensure Apply UAC restrictions to local accounts on network logons is set to Enabled (MS only), HKEY_LOCAL_MACHINE\SOFTWARE\Microsoft\Windows\CurrentVersion\Policies\System,LocalAccountTokenFilterPolicy ,,
18.6,18.6.2,(L1) Ensure WDigest Authentication is set to Disabled, HKEY_LOCAL_MACHINE\SYSTEM\CurrentControlSet\Control\SecurityProviders\WDigest,UseLogonCredential ,,
18.8.3,18.8.3.1,(L1) Ensure Include command line in process creation events is set to Disabled, HKEY_LOCAL_MACHINE\SOFTWARE\Microsoft\Windows\CurrentVersion\Policies\System\Audit,ProcessCreationIncludeCmdLine_Enabled ,,
18.8.12,18.8.12.1,(L1) Ensure Boot-Start Driver Initialization Policy is set to Enabled: Good, unknown and bad but critical, HKEY_LOCAL_MACHINE\SYSTEM\CurrentControlSet\Policies\EarlyLaunch,DriverLoadPolicy ,,
18.8.19,18.8.19.2,(L1) Ensure Configure registry policy processing: Do not apply during periodic background processing is set to Enabled: FALSE, HKEY_LOCAL_MACHINE\SOFTWARE\Policies\Microsoft\Windows\Group Policy\{35378EAC-683F-11D2-A89A-00C04FBBCFA2}\NoBackgroundPolicy ,,,
18.8.19,18.8.19.3,(L1) Ensure Configure registry policy processing: Process even if the Group Policy objects have not changed is set to Enabled: TRUE, HKEY_LOCAL_MACHINE\SOFTWARE\Policies\Microsoft\Windows\Group Policy\{35378EAC-683F-11D2-A89A-00C04FBBCFA2}\NoGPOListChanges ,,,
18.8.19,18.8.19.5,(L1) Ensure Turn off background refresh of Group Policy is set to Disabled, HKEY_LOCAL_MACHINE\SOFTWARE\Microsoft\Windows\CurrentVersion\Policies\System,DisableBkGndGroupPolicy ,,
18.8.19,18.8.19.4,(L1) Ensure Continue experiences on this device is set to Disabled, HKEY_LOCAL_MACHINE\SOFTWARE\Policies\Microsoft\Windows\System,EnableCdp ,,
18.8.25,18.8.25.2,(L1) Ensure Do not display network selection UI is set to Enabled, HKEY_LOCAL_MACHINE\SOFTWARE\Policies\Microsoft\Windows\System,DontDisplayNetworkSelectionUI ,,
18.8.25,18.8.25.3,(L1) Ensure Do not enumerate connected users on domain-joined computers is set to Enabled, HKEY_LOCAL_MACHINE\SOFTWARE\Policies\Microsoft\Windows\System,DontEnumerateConnectedUsers ,,
18.8.25,18.8.25.4,(L1) Ensure Enumerate local users on domain-joined computers is set to Disabled, HKEY_LOCAL_MACHINE\SOFTWARE\Policies\Microsoft\Windows\System,EnumerateLocalUsers ,,
18.8.25,18.8.25.5,(L1) Ensure Turn off app notifications on the lock screen is set to Enabled, HKEY_LOCAL_MACHINE\SOFTWARE\Policies\Microsoft\Windows\System,DisableLockScreenAppNotifications ,,
18.8.25,18.8.25.6,(L1) Ensure Turn on convenience PIN sign-in is set to Disabled, HKEY_LOCAL_MACHINE\SOFTWARE\Policies\Microsoft\Windows\System,AllowDomainPINLogon ,,
18.8.25,18.8.25.1,(L1) Ensure Block user from showing account details on sign-in is set to Enabled, HKEY_LOCAL_MACHINE\SOFTWARE\Policies\Microsoft\Windows\System,BlockUserFromShowingAccountDetailsOnSignin ,,
18.8.26,18.8.26.1,(L1) Ensure Untrusted Font Blocking is set to Enabled: Block untrusted fonts and log events, HKEY_LOCAL_MACHINE\SOFTWARE\Policies\Microsoft\Windows NT\MitigationOptions,MitigationOptions_FontBocking ,,
18.8.31,18.8.31.1,(L1) Ensure Configure Offer Remote Assistance is set to Disabled, HKEY_LOCAL_MACHINE\SOFTWARE\Policies\Microsoft\Windows NT\Terminal Services,fAllowUnsolicited ,,
18.8.31,18.8.31.2,(L1) Ensure Configure Solicited Remote Assistance is set to Disabled, HKEY_LOCAL_MACHINE\SOFTWARE\Policies\Microsoft\Windows NT\Terminal Services,fAllowToGetHelp ,,
18.8.32,18.8.32.1,(L1) Ensure Enable RPC Endpoint Mapper Client Authentication is set to Enabled (MS only), HKEY_LOCAL_MACHINE\SOFTWARE\Policies\Microsoft\Windows NT\Rpc,EnableAuthEpResolution ,,
18.9.6,18.9.6.1,(L1) Ensure Allow Microsoft accounts to be optional is set to Enabled, HKEY_LOCAL_MACHINE\SOFTWARE\Microsoft\Windows\CurrentVersion\Policies\System,MSAOptional ,,
18.9.8,18.9.8.1,(L1) Ensure Disallow Autoplay for non-volume devices is set to Enabled, HKEY_LOCAL_MACHINE\SOFTWARE\Policies\Microsoft\Windows\Explorer,NoAutoplayfornonVolume ,,
18.9.8,18.9.8.2,(L1) Ensure Set the default behavior for AutoRun is set to Enabled: Do not execute any autorun commands, HKEY_LOCAL_MACHINE\SOFTWARE\Microsoft\Windows\CurrentVersion\Policies\Explorer,NoAutorun ,,
18.9.8,18.9.8.3,(L1) Ensure Turn off Autoplay is set to Enabled: All drives, HKEY_LOCAL_MACHINE\SOFTWARE\Microsoft\Windows\CurrentVersion\Policies\Explorer,NoDriveTypeAutoRun ,,
18.9.10.1,18.9.10.1.1,(L1) Ensure Use enhanced anti-spoofing when available is set to Enabled, HKEY_LOCAL_MACHINE\SOFTWARE\Policies\Microsoft\Biometrics\FacialFeatures,EnhancedAntiSpoofing ,,
18.9.13,18.9.13.1,(L1) Ensure Turn off Microsoft consumer experiences is set to Enabled, HKEY_LOCAL_MACHINE\SOFTWARE\Policies\Microsoft\Windows\CloudContent,DisableWindowsConsumerFeatures ,,
18.9.14,18.9.14.1,(L1) Ensure Require pin for pairing is set to Enabled, HKEY_LOCAL_MACHINE\SOFTWARE\Policies\Microsoft\Windows\Connect,RequirePinForPairing ,,
18.9.15,18.9.15.1,(L1) Ensure Do not display the password reveal button is set to Enabled, HKEY_LOCAL_MACHINE\SOFTWARE\Policies\Microsoft\Windows\CredUI,DisablePasswordReveal ,,
18.9.15,18.9.15.2,(L1) Ensure Enumerate administrator accounts on elevation is set to Disabled, HKEY_LOCAL_MACHINE\SOFTWARE\Microsoft\Windows\CurrentVersion\Policies\CredUI,EnumerateAdministrators ,,
18.9.16,18.9.16.1,(L1) Ensure Allow Telemetry is set to Enabled: 0 - Security [Enterprise Only], HKEY_LOCAL_MACHINE\SOFTWARE\Policies\Microsoft\Windows\DataCollection,AllowTelemetry ,,
18.9.16,18.9.16.2,(L1) Ensure Disable pre-release features or settings is set to Disabled, HKEY_LOCAL_MACHINE\SOFTWARE\Policies\Microsoft\Windows\PreviewBuilds,EnableConfigFlighting ,,
18.9.16,18.9.16.3,(L1) Ensure Do not show feedback notifications is set to Enabled, HKEY_LOCAL_MACHINE\SOFTWARE\Policies\Microsoft\Windows\DataCollection,DoNotShowFeedbackNotifications ,,
18.9.16,18.9.16.4,(L1) Ensure Toggle user control over Insider builds is set to Disabled, HKEY_LOCAL_MACHINE\SOFTWARE\Policies\Microsoft\Windows\PreviewBuilds,AllowBuildPreview ,,
18.9.26.1,18.9.26.1.1,(L1) Ensure Application: Control Event Log behavior when the log file reaches its maximum size is set to Disabled, HKEY_LOCAL_MACHINE\SOFTWARE\Policies\Microsoft\Windows\EventLog\Application,Retention ,,
18.9.26.1,18.9.26.1.2,(L1) Ensure Application: Specify the maximum log file size (KB) is set to Enabled: 32,768 or greater, HKEY_LOCAL_MACHINE\SOFTWARE\Policies\Microsoft\Windows\EventLog\Application,MaxSize ,,
18.9.26.2,18.9.26.2.1,(L1) Ensure Security: Control Event Log behavior when the log file reaches its maximum size is set to Disabled, HKEY_LOCAL_MACHINE\SOFTWARE\Policies\Microsoft\Windows\EventLog\Security,Retention ,,
18.9.26.2,18.9.26.2.2,(L1) Ensure Security: Specify the maximum log file size (KB) is set to Enabled: 196,608 or greater, HKEY_LOCAL_MACHINE\SOFTWARE\Policies\Microsoft\Windows\EventLog\Security,MaxSize ,,
18.9.26.3,18.9.26.3.1,(L1) Ensure Setup: Control Event Log behavior when the log file reaches its maximum size is set to Disabled, HKEY_LOCAL_MACHINE\SOFTWARE\Policies\Microsoft\Windows\EventLog\Setup,Retention ,,
18.9.26.3,18.9.26.3.2,(L1) Ensure Setup: Specify the maximum log file size (KB) is set to Enabled: 32,768 or greater, HKEY_LOCAL_MACHINE\SOFTWARE\Policies\Microsoft\Windows\EventLog\Setup,MaxSize ,,
18.9.26.4,18.9.26.4.1,(L1) Ensure System: Control Event Log behavior when the log file reaches its maximum size is set to Disabled, HKEY_LOCAL_MACHINE\SOFTWARE\Policies\Microsoft\Windows\EventLog\System,Retention ,,
18.9.26.4,18.9.26.4.2,(L1) Ensure System: Specify the maximum log file size (KB) is set to Enabled: 32,768 or greater, HKEY_LOCAL_MACHINE\SOFTWARE\Policies\Microsoft\Windows\EventLog\System,MaxSize ,,
18.9.30,18.9.30.2,(L1) Ensure Configure Windows SmartScreen is set to Enabled, HKEY_LOCAL_MACHINE\SOFTWARE\Policies\Microsoft\Windows\System,EnableSmartScreen ,,
18.9.30,18.9.30.3,(L1) Ensure Turn off Data Execution Prevention for Explorer is set to Disabled, HKEY_LOCAL_MACHINE\SOFTWARE\Policies\Microsoft\Windows\Explorer,NoDataExecutionPrevention ,,
18.9.30,18.9.30.4,(L1) Ensure Turn off heap termination on corruption is set to Disabled, HKEY_LOCAL_MACHINE\SOFTWARE\Policies\Microsoft\Windows\Explorer,NoHeapTerminationOnCorruption ,,
18.9.30,18.9.30.5,(L1) Ensure Turn off shell protocol protected mode is set to Disabled, HKEY_LOCAL_MACHINE\SOFTWARE\Microsoft\Windows\CurrentVersion\Policies\Explorer,PreXPSP2ShellProtocolBehavior ,,
18.9.41,18.9.41.3,(L1) Ensure Configure cookies is set to Enabled: Block only 3rd-party cookies or higher, HKEY_LOCAL_MACHINE\SOFTWARE\Policies\Microsoft\MicrosoftEdge\Main,Cookies ,,
18.9.41,18.9.41.6,(L1) Ensure Configure search suggestions in Address bar is set to Disabled, HKEY_LOCAL_MACHINE\SOFTWARE\Policies\Microsoft\MicrosoftEdge\SearchScopes,ShowSearchSuggestionsGlobal ,,
18.9.41,18.9.41.4,(L1) Ensure Configure Password Manager is set to Disabled, HKEY_LOCAL_MACHINE\SOFTWARE\Policies\Microsoft\MicrosoftEdge\Main,FormSuggest Passwords ,,
18.9.41,18.9.41.7,(L1) Ensure Configure SmartScreen Filter is set to Enabled, HKEY_LOCAL_MACHINE\SOFTWARE\Policies\Microsoft\MicrosoftEdge\PhishingFilter,EnabledV9 ,,
18.9.47,18.9.47.1,(L1) Ensure Prevent the usage of OneDrive for file storage is set to Enabled, HKEY_LOCAL_MACHINE\SOFTWARE\Policies\Microsoft\Windows\OneDrive,DisableFileSyncNGSC ,,
18.9.52.2,18.9.52.2.2,(L1) Ensure Do not allow passwords to be saved is set to Enabled, HKEY_LOCAL_MACHINE\SOFTWARE\Policies\Microsoft\Windows NT\Terminal Services,DisablePasswordSaving ,,
18.9.52.3.3,18.9.52.3.3.2,(L1) Ensure Do not allow drive redirection is set to Enabled, HKEY_LOCAL_MACHINE\SOFTWARE\Policies\Microsoft\Windows NT\Terminal Services,fDisableCdm ,,
18.9.52.3.9,18.9.52.3.9.1,(L1) Ensure Always prompt for password upon connection is set to Enabled, HKEY_LOCAL_MACHINE\SOFTWARE\Policies\Microsoft\Windows NT\Terminal Services,fPromptForPassword ,,
18.9.52.3.9,18.9.52.3.9.2,(L1) Ensure Require secure RPC communication is set to Enabled, HKEY_LOCAL_MACHINE\SOFTWARE\Policies\Microsoft\Windows NT\Terminal Services,fEncryptRPCTraffic ,,
18.9.52.3.9,18.9.52.3.9.3,(L1) Ensure Set client connection encryption level is set to Enabled: High Level, HKEY_LOCAL_MACHINE\SOFTWARE\Policies\Microsoft\Windows NT\Terminal Services,MinEncryptionLevel ,,
18.9.52.3.11,18.9.52.3.11.1,(L1) Ensure Do not delete temp folders upon exit is set to Disabled, HKEY_LOCAL_MACHINE\SOFTWARE\Policies\Microsoft\Windows NT\Terminal Services,DeleteTempDirsOnExit ,,
18.9.52.3.11,18.9.52.3.11.2,(L1) Ensure Do not use temporary folders per session is set to Disabled, HKEY_LOCAL_MACHINE\SOFTWARE\Policies\Microsoft\Windows NT\Terminal Services,PerSessionTempDir ,,
18.9.53,18.9.53.1,(L1) Ensure Prevent downloading of enclosures is set to Enabled, HKEY_LOCAL_MACHINE\SOFTWARE\Policies\Microsoft\Internet Explorer\Feeds,DisableEnclosureDownload ,,
18.9.54,18.9.54.2,(L1) Ensure Allow Cortana is set to Disabled, HKEY_LOCAL_MACHINE\SOFTWARE\Policies\Microsoft\Windows\Windows Search,AllowCortana ,,
18.9.54,18.9.54.4,(L1) Ensure Allow indexing of encrypted files is set to Disabled, HKEY_LOCAL_MACHINE\SOFTWARE\Policies\Microsoft\Windows\Windows Search,AllowIndexingEncryptedStoresOrItems ,,
18.9.54,18.9.54.5,(L1) Ensure Allow search and Cortana to use location is set to Disabled, HKEY_LOCAL_MACHINE\SOFTWARE\Policies\Microsoft\Windows\Windows Search,AllowSearchToUseLocation ,,
18.9.54,18.9.54.3,(L1) Ensure Allow Cortana above lock screen is set to Disabled, HKEY_LOCAL_MACHINE\SOFTWARE\Policies\Microsoft\Windows\Windows Search,AllowCortanaAboveLock ,,
18.9.61,18.9.61.2,(L1) Ensure Turn off Automatic Download and Install of updates is set to Disabled, HKEY_LOCAL_MACHINE\SOFTWARE\Policies\Microsoft\WindowsStore,AutoDownload ,,
18.9.61,18.9.61.3,(L1) Ensure Turn off the offer to update to the latest version of Windows is set to Enabled, HKEY_LOCAL_MACHINE\SOFTWARE\Policies\Microsoft\WindowsStore,DisableOSUpgrade ,,
18.9.73,18.9.73.2,(L1) Ensure Allow Windows Ink Workspace is set to Enabled: On, but disallow access above lock OR Disabled but not Enabled: On, HKEY_LOCAL_MACHINE\SOFTWARE\Policies\Microsoft\WindowsInkWorkspace,AllowWindowsInkWorkspace ,,
18.9.74,18.9.74.1,(L1) Ensure Allow user control over installs is set to Disabled, HKEY_LOCAL_MACHINE\SOFTWARE\Policies\Microsoft\Windows\Installer,EnableUserControl ,,
18.9.74,18.9.74.2,(L1) Ensure Always install with elevated privileges is set to Disabled, HKEY_LOCAL_MACHINE\SOFTWARE\Policies\Microsoft\Windows\Installer,AlwaysInstallElevated ,,
18.9.75,18.9.75.1,(L1) Ensure Sign-in last interactive user automatically after a system-initiated restart is set to Disabled, HKEY_LOCAL_MACHINE\SOFTWARE\Microsoft\Windows\CurrentVersion\Policies\System,DisableAutomaticRestartSignOn ,,
18.9.84,18.9.84.1,(L1) Ensure Turn on PowerShell Script Block Logging is set to Disabled, HKEY_LOCAL_MACHINE\SOFTWARE\Policies\Microsoft\Windows\PowerShell\ScriptBlockLogging,EnableScriptBlockLogging ,,
18.9.84,18.9.84.2,(L1) Ensure Turn on PowerShell Transcription is set to Disabled, HKEY_LOCAL_MACHINE\SOFTWARE\Policies\Microsoft\Windows\PowerShell\Transcription,EnableTranscripting ,,
18.9.86.1,18.9.86.1.1,(L1) Ensure Allow Basic authentication is set to Disabled, HKEY_LOCAL_MACHINE\SOFTWARE\Policies\Microsoft\Windows\WinRM\Client,AllowBasic ,,
18.9.86.1,18.9.86.1.2,(L1) Ensure Allow unencrypted traffic is set to Disabled, HKEY_LOCAL_MACHINE\SOFTWARE\Policies\Microsoft\Windows\WinRM\Client,AllowUnencryptedTraffic ,,
18.9.86.1,18.9.86.1.3,(L1) Ensure Disallow Digest authentication is set to Enabled, HKEY_LOCAL_MACHINE\SOFTWARE\Policies\Microsoft\Windows\WinRM\Client,AllowDigest ,,
18.9.86.2,18.9.86.2.1,(L1) Ensure Allow Basic authentication is set to Disabled, HKEY_LOCAL_MACHINE\SOFTWARE\Policies\Microsoft\Windows\WinRM\Service,AllowBasic ,,
18.9.86.2,18.9.86.2.3,(L1) Ensure Allow unencrypted traffic is set to Disabled, HKEY_LOCAL_MACHINE\SOFTWARE\Policies\Microsoft\Windows\WinRM\Service,AllowUnencryptedTraffic ,,
18.9.86.2,18.9.86.2.4,(L1) Ensure Disallow WinRM from storing RunAs credentials is set to Enabled, HKEY_LOCAL_MACHINE\SOFTWARE\Policies\Microsoft\Windows\WinRM\Service,DisableRunAs ,,
18.9.90,18.9.90.2,(L1) Ensure Configure Automatic Updates is set to Enabled, HKEY_LOCAL_MACHINE\SOFTWARE\Policies\Microsoft\Windows\WindowsUpdate\AU,NoAutoUpdate ,,
18.9.90,18.9.90.3,(L1) Ensure Configure Automatic Updates: Scheduled install day is set to 0 - Every day, HKEY_LOCAL_MACHINE\SOFTWARE\Policies\Microsoft\Windows\WindowsUpdate\AU,ScheduledInstallDay ,,
18.9.90,18.9.90.4,(L1) Ensure No auto-restart with logged on users for scheduled automatic updates installations is set to Disabled, HKEY_LOCAL_MACHINE\SOFTWARE\Policies\Microsoft\Windows\WindowsUpdate\AU,NoAutoRebootWithLoggedOnUsers ,,
18.9.90.1,18.9.90.1.2,(L1) Ensure Select when Quality Updates are received is set to Enabled: 0 days, HKEY_LOCAL_MACHINE\SOFTWARE\Policies\Microsoft\Windows\WindowsUpdate,DeferQualityUpdates HKEY_LOCAL_MACHINE\SOFTWARE\Policies\Microsoft\Windows\WindowsUpdate,DeferQualityUpdatesPeriodInDays ,
18.9.90.1,18.9.90.1.1,(L1) Ensure Select when Feature Updates are received is set to Enabled: Current Branch for Business, 180 days, HKEY_LOCAL_MACHINE\SOFTWARE\Policies\Microsoft\Windows\WindowsUpdate,DeferFeatureUpdates HKEY_LOCAL_MACHINE\SOFTWARE\Policies\Microsoft\Windows\WindowsUpdate,DeferFeatureUpdatesPeriodInDays HKEY_LOCAL_MACHINE\SOFTWARE\Policies\Microsoft\Windows\WindowsUpdate,BranchReadinessLevel
19.1.3,19.1.3.1,(L1) Ensure Enable screen saver is set to Enabled, HKEY_USERS\[USER SID]\SOFTWARE\Policies\Microsoft\Windows\Control Panel\Desktop,ScreenSaveActive ,,
19.1.3,19.1.3.2,(L1) Ensure Force specific screen saver: Screen saver executable name is set to Enabled: scrnsave.scr, HKEY_USERS\[USER SID]\SOFTWARE\Policies\Microsoft\Windows\Control Panel\Desktop,SCRNSAVE.EXE ,,
19.1.3,19.1.3.3,(L1) Ensure Password protect the screen saver is set to Enabled, HKEY_USERS\[USER SID]\SOFTWARE\Policies\Microsoft\Windows\Control Panel\Desktop,ScreenSaverIsSecure ,,
19.1.3,19.1.3.4,(L1) Ensure Screen saver timeout is set to Enabled: 900 seconds or fewer, but not 0, HKEY_USERS\[USER SID]\SOFTWARE\Policies\Microsoft\Windows\Control Panel\Desktop,ScreenSaveTimeOut ,,
19.5.1,19.5.1.1,(L1) Ensure Turn off toast notifications on the lock screen is set to Enabled, HKEY_USERS\[USER SID]\SOFTWARE\Policies\Microsoft\Windows\CurrentVersion\PushNotifications,NoToastApplicationNotificationOnLockScreen ,,
19.7.4,19.7.4.1,(L1) Ensure Do not preserve zone information in file attachments is set to Disabled, HKEY_USERS\[USER SID]\SOFTWARE\Microsoft\Windows\CurrentVersion\Policies\Attachments,SaveZoneInformation ,,
19.7.4,19.7.4.2,(L1) Ensure Notify antivirus programs when opening attachments is set to Enabled, HKEY_USERS\[USER SID]\SOFTWARE\Microsoft\Windows\CurrentVersion\Policies\Attachments,ScanWithAntiVirus ,,
19.7.7,19.7.7.2,(L1) Ensure Do not suggest third-party content in Windows spotlight is set to Enabled, HKEY_USERS\[USER SID]\Software\Policies\Microsoft\Windows\CloudContent,DisableThirdPartySuggestions ,,
19.7.26,19.7.26.1,(L1) Ensure Prevent users from sharing files within their profile. is set to Enabled, HKEY_USERS\[USER SID]\SOFTWARE\Microsoft\Windows\CurrentVersion\Policies\Explorer,NoInplaceSharing ,,
19.7.39,19.7.39.1,(L1) Ensure Always install with elevated privileges is set to Disabled, HKEY_USERS\[USER SID]\SOFTWARE\Policies\Microsoft\Windows\Installer,AlwaysInstallElevated ,,
